{
    "bot-name": "MANU-MD",
    "description": "MANU-MD made for people on Sri Lanka & Other Countries...✨🇱🇰🌏❤",
    "logo": "https://i.ibb.co/XZFdhy0/IMG-20250102-WA0065.jpg",
    "keywords": ["bot", "whatsapp", "automation", "manumd", "byimaxz"],
    "documentation-link": "https://manul-ofc-web-tau.vercel.app/",
    "owner-verification":"danajxima@gmail.com",
  
    "env": {
      "SESSION_ID": {
        "description": "Put your SESSION_ID here. Make sure it starts with Manu-MD or get session id from VIEW DOCUMENTATION BUTTON",
        "value":"",
        "required": true
        
      }
    }
  
  }